case_id,dtype,optimizer,path,status,cli_optimizer,optimizer_key,optimizer_name,optimizer_class,optimizer_source,steps_completed,first_step_sec,median_step_sec,tok_sec,step_sec,compile_time_s,peak_memory_gb,active_memory_gb,cache_memory_gb,cache_hit,selected_schedule,proof_result,pass_fail_reason,cppmega_sha,tilelang_sha,mlx_sha,mlx_version,command,receipt_path,returncode,duration_s
bf16_adamw_path_b,bf16,adamw,path_b,ok,adamw,adamw,AdamW,cppmega_mlx.training.optimizers.AdamWFP32Moments,cppmega_mlx.training.optimizers.make_adamw,20,7.473842625011457,12.579292832990177,168.9833260860302,12.550561465001298,7.473842625011457,29.14189625531435,17.09050288796425,33.937971130013466,,"{""kernel_counts"": {""metal_kernel_fwd_v1"": 160}, ""op_kernel"": {""m2rnn"": ""metal_kernel_fwd_v1"", ""mamba3_mimo"": ""metal_kernel_fwd_v1""}, ""path_counts"": {""path_b"": 160}}","{""fp8_path_c_route_status"": ""not_requested"", ""kernel_surface_available"": true, ""path"": ""path_b"", ""path_c_requested"": false, ""proof_source"": ""per-kernel TileLang route receipts plus runtime dispatch log""}",ok,f0390c5,6c37b335,d168ca5ca,0.32.0.dev20260514+d168ca5ca,/Volumes/external/sources/nanochat/.venv/bin/python scripts/m04_train_step.py --model-profile local_gb10_quarter --data-path data/parquet_samples/gb10/clang_semantic_4k_v10/val_00000.parquet --data-format parquet --token-key token_ids --steps 20 --batch-size 1 --seq-len 2048 --dtype bfloat16 --optimizer adamw --optimizer-quant-scheme dynamic_int8_v1 --lr 1e-4 --grad-checkpoint --output /Volumes/external/sources/cppmega.mlx/reports/raw/cppmega_1b_path_matrix_cells_20260518_full_path_c_f0390c5_pinned/bf16_adamw_path_b.json --json,/Volumes/external/sources/cppmega.mlx/reports/raw/cppmega_1b_path_matrix_cells_20260518_full_path_c_f0390c5_pinned/bf16_adamw_path_b.json,0,338.46788337500766
bf16_adamw_path_c_cold,bf16,adamw,path_c_cold,ok,adamw,adamw,AdamW,cppmega_mlx.training.optimizers.AdamWFP32Moments,cppmega_mlx.training.optimizers.make_adamw,20,27.676608792011393,3.6006094579934143,541.7356882143238,3.615786989000442,27.676608792011393,33.747842900455,17.09046784043312,0.0,False,"{""kernel_counts"": {""path_c_tilelang_dsl"": 120, ""path_c_tilelang_dsl_packed_post"": 40}, ""op_kernel"": {""m2rnn"": ""path_c_tilelang_dsl_packed_post"", ""mamba3_mimo"": ""path_c_tilelang_dsl""}, ""path_counts"": {""path_c"": 160}}","{""fp8_path_c_route_status"": ""not_requested"", ""kernel_surface_available"": true, ""path"": ""path_c_cold"", ""path_c_requested"": true, ""proof_source"": ""per-kernel TileLang route receipts plus runtime dispatch log""}",ok,f0390c5,6c37b335,d168ca5ca,0.32.0.dev20260514+d168ca5ca,/Volumes/external/sources/nanochat/.venv/bin/python scripts/m04_train_step.py --model-profile local_gb10_quarter --data-path data/parquet_samples/gb10/clang_semantic_4k_v10/val_00000.parquet --data-format parquet --token-key token_ids --steps 20 --batch-size 1 --seq-len 2048 --dtype bfloat16 --optimizer adamw --optimizer-quant-scheme dynamic_int8_v1 --lr 1e-4 --grad-checkpoint --output /Volumes/external/sources/cppmega.mlx/reports/raw/cppmega_1b_path_matrix_cells_20260518_full_path_c_f0390c5_pinned/bf16_adamw_path_c_cold.json --json,/Volumes/external/sources/cppmega.mlx/reports/raw/cppmega_1b_path_matrix_cells_20260518_full_path_c_f0390c5_pinned/bf16_adamw_path_c_cold.json,0,157.42680383301922
bf16_adamw_path_c_warm,bf16,adamw,path_c_warm,ok,adamw,adamw,AdamW,cppmega_mlx.training.optimizers.AdamWFP32Moments,cppmega_mlx.training.optimizers.make_adamw,20,12.659959333017468,3.7678533339931164,525.1070845506505,3.7620361952607424,12.659959333017468,33.747842900455,17.09046784043312,0.0,True,"{""kernel_counts"": {""path_c_tilelang_dsl"": 120, ""path_c_tilelang_dsl_packed_post"": 40}, ""op_kernel"": {""m2rnn"": ""path_c_tilelang_dsl_packed_post"", ""mamba3_mimo"": ""path_c_tilelang_dsl""}, ""path_counts"": {""path_c"": 160}}","{""fp8_path_c_route_status"": ""not_requested"", ""kernel_surface_available"": true, ""path"": ""path_c_warm"", ""path_c_requested"": true, ""proof_source"": ""per-kernel TileLang route receipts plus runtime dispatch log""}",ok,f0390c5,6c37b335,d168ca5ca,0.32.0.dev20260514+d168ca5ca,/Volumes/external/sources/nanochat/.venv/bin/python scripts/m04_train_step.py --model-profile local_gb10_quarter --data-path data/parquet_samples/gb10/clang_semantic_4k_v10/val_00000.parquet --data-format parquet --token-key token_ids --steps 20 --batch-size 1 --seq-len 2048 --dtype bfloat16 --optimizer adamw --optimizer-quant-scheme dynamic_int8_v1 --lr 1e-4 --grad-checkpoint --output /Volumes/external/sources/cppmega.mlx/reports/raw/cppmega_1b_path_matrix_cells_20260518_full_path_c_f0390c5_pinned/bf16_adamw_path_c_warm.json --json,/Volumes/external/sources/cppmega.mlx/reports/raw/cppmega_1b_path_matrix_cells_20260518_full_path_c_f0390c5_pinned/bf16_adamw_path_c_warm.json,0,143.4840482090076
bf16_adam8bit_path_b,bf16,adam8bit,path_b,ok,adam8bit,adam8bit,Adam8bit,cppmega_mlx.training.optimizers_quantized.Adam8bit,cppmega_mlx.training.optimizers_quantized.make_adam8bit,20,20.36614900000859,21.577734166989103,93.35742765803678,22.136892032785045,20.36614900000859,34.13713666237891,6.898073129355907,63.540488328784704,,"{""kernel_counts"": {""metal_kernel_fwd_v1"": 160}, ""op_kernel"": {""m2rnn"": ""metal_kernel_fwd_v1"", ""mamba3_mimo"": ""metal_kernel_fwd_v1""}, ""path_counts"": {""path_b"": 160}}","{""fp8_path_c_route_status"": ""not_requested"", ""kernel_surface_available"": true, ""path"": ""path_b"", ""path_c_requested"": false, ""proof_source"": ""per-kernel TileLang route receipts plus runtime dispatch log""}",ok,f0390c5,6c37b335,d168ca5ca,0.32.0.dev20260514+d168ca5ca,/Volumes/external/sources/nanochat/.venv/bin/python scripts/m04_train_step.py --model-profile local_gb10_quarter --data-path data/parquet_samples/gb10/clang_semantic_4k_v10/val_00000.parquet --data-format parquet --token-key token_ids --steps 20 --batch-size 1 --seq-len 2048 --dtype bfloat16 --optimizer adam8bit --optimizer-quant-scheme dynamic_int8_v1 --lr 1e-4 --grad-checkpoint --output /Volumes/external/sources/cppmega.mlx/reports/raw/cppmega_1b_path_matrix_cells_20260518_full_path_c_f0390c5_pinned/bf16_adam8bit_path_b.json --json,/Volumes/external/sources/cppmega.mlx/reports/raw/cppmega_1b_path_matrix_cells_20260518_full_path_c_f0390c5_pinned/bf16_adam8bit_path_b.json,0,504.6715750829899
bf16_adam8bit_path_c_cold,bf16,adam8bit,path_c_cold,ok,adam8bit,adam8bit,Adam8bit,cppmega_mlx.training.optimizers_quantized.Adam8bit,cppmega_mlx.training.optimizers_quantized.make_adam8bit,20,41.5017937499797,17.439139999973122,112.24076069440564,17.762438738838107,41.5017937499797,33.26187417469919,6.897862434387207,0.0,False,"{""kernel_counts"": {""path_c_tilelang_dsl"": 120, ""path_c_tilelang_dsl_packed_post"": 40}, ""op_kernel"": {""m2rnn"": ""path_c_tilelang_dsl_packed_post"", ""mamba3_mimo"": ""path_c_tilelang_dsl""}, ""path_counts"": {""path_c"": 160}}","{""fp8_path_c_route_status"": ""not_requested"", ""kernel_surface_available"": true, ""path"": ""path_c_cold"", ""path_c_requested"": true, ""proof_source"": ""per-kernel TileLang route receipts plus runtime dispatch log""}",ok,f0390c5,6c37b335,d168ca5ca,0.32.0.dev20260514+d168ca5ca,/Volumes/external/sources/nanochat/.venv/bin/python scripts/m04_train_step.py --model-profile local_gb10_quarter --data-path data/parquet_samples/gb10/clang_semantic_4k_v10/val_00000.parquet --data-format parquet --token-key token_ids --steps 20 --batch-size 1 --seq-len 2048 --dtype bfloat16 --optimizer adam8bit --optimizer-quant-scheme dynamic_int8_v1 --lr 1e-4 --grad-checkpoint --output /Volumes/external/sources/cppmega.mlx/reports/raw/cppmega_1b_path_matrix_cells_20260518_full_path_c_f0390c5_pinned/bf16_adam8bit_path_c_cold.json --json,/Volumes/external/sources/cppmega.mlx/reports/raw/cppmega_1b_path_matrix_cells_20260518_full_path_c_f0390c5_pinned/bf16_adam8bit_path_c_cold.json,0,474.3083832919947
bf16_adam8bit_path_c_warm,bf16,adam8bit,path_c_warm,ok,adam8bit,adam8bit,Adam8bit,cppmega_mlx.training.optimizers_quantized.Adam8bit,cppmega_mlx.training.optimizers_quantized.make_adam8bit,20,25.912461708008777,17.531665499991504,114.89851860505112,17.53155908336875,25.912461708008777,33.26187417469919,6.897862434387207,0.0,True,"{""kernel_counts"": {""path_c_tilelang_dsl"": 120, ""path_c_tilelang_dsl_packed_post"": 40}, ""op_kernel"": {""m2rnn"": ""path_c_tilelang_dsl_packed_post"", ""mamba3_mimo"": ""path_c_tilelang_dsl""}, ""path_counts"": {""path_c"": 160}}","{""fp8_path_c_route_status"": ""not_requested"", ""kernel_surface_available"": true, ""path"": ""path_c_warm"", ""path_c_requested"": true, ""proof_source"": ""per-kernel TileLang route receipts plus runtime dispatch log""}",ok,f0390c5,6c37b335,d168ca5ca,0.32.0.dev20260514+d168ca5ca,/Volumes/external/sources/nanochat/.venv/bin/python scripts/m04_train_step.py --model-profile local_gb10_quarter --data-path data/parquet_samples/gb10/clang_semantic_4k_v10/val_00000.parquet --data-format parquet --token-key token_ids --steps 20 --batch-size 1 --seq-len 2048 --dtype bfloat16 --optimizer adam8bit --optimizer-quant-scheme dynamic_int8_v1 --lr 1e-4 --grad-checkpoint --output /Volumes/external/sources/cppmega.mlx/reports/raw/cppmega_1b_path_matrix_cells_20260518_full_path_c_f0390c5_pinned/bf16_adam8bit_path_c_warm.json --json,/Volumes/external/sources/cppmega.mlx/reports/raw/cppmega_1b_path_matrix_cells_20260518_full_path_c_f0390c5_pinned/bf16_adam8bit_path_c_warm.json,0,417.88802816701354
bf16_lion_path_b,bf16,lion,path_b,ok,lion,lion,Lion,cppmega_mlx.training.optimizers.LionFP32Moments,cppmega_mlx.training.optimizers.make_lion,20,3.099088249990018,2.590659915993456,782.6396698670958,2.5950362807412413,3.099088249990018,33.51373466104269,10.254421757534146,41.90621272288263,,"{""kernel_counts"": {""metal_kernel_fwd_v1"": 160}, ""op_kernel"": {""m2rnn"": ""metal_kernel_fwd_v1"", ""mamba3_mimo"": ""metal_kernel_fwd_v1""}, ""path_counts"": {""path_b"": 160}}","{""fp8_path_c_route_status"": ""not_requested"", ""kernel_surface_available"": true, ""path"": ""path_b"", ""path_c_requested"": false, ""proof_source"": ""per-kernel TileLang route receipts plus runtime dispatch log""}",ok,f0390c5,6c37b335,d168ca5ca,0.32.0.dev20260514+d168ca5ca,/Volumes/external/sources/nanochat/.venv/bin/python scripts/m04_train_step.py --model-profile local_gb10_quarter --data-path data/parquet_samples/gb10/clang_semantic_4k_v10/val_00000.parquet --data-format parquet --token-key token_ids --steps 20 --batch-size 1 --seq-len 2048 --dtype bfloat16 --optimizer lion --optimizer-quant-scheme dynamic_int8_v1 --lr 1e-4 --grad-checkpoint --output /Volumes/external/sources/cppmega.mlx/reports/raw/cppmega_1b_path_matrix_cells_20260518_full_path_c_f0390c5_pinned/bf16_lion_path_b.json --json,/Volumes/external/sources/cppmega.mlx/reports/raw/cppmega_1b_path_matrix_cells_20260518_full_path_c_f0390c5_pinned/bf16_lion_path_b.json,0,123.67056224998669
bf16_lion_path_c_cold,bf16,lion,path_c_cold,ok,lion,lion,Lion,cppmega_mlx.training.optimizers.LionFP32Moments,cppmega_mlx.training.optimizers.make_lion,20,25.852384875004645,3.173561208008323,616.1515504552553,3.177187440630453,25.852384875004645,26.911674097180367,10.25429903715849,0.0,False,"{""kernel_counts"": {""path_c_tilelang_dsl"": 120, ""path_c_tilelang_dsl_packed_post"": 40}, ""op_kernel"": {""m2rnn"": ""path_c_tilelang_dsl_packed_post"", ""mamba3_mimo"": ""path_c_tilelang_dsl""}, ""path_counts"": {""path_c"": 160}}","{""fp8_path_c_route_status"": ""not_requested"", ""kernel_surface_available"": true, ""path"": ""path_c_cold"", ""path_c_requested"": true, ""proof_source"": ""per-kernel TileLang route receipts plus runtime dispatch log""}",ok,f0390c5,6c37b335,d168ca5ca,0.32.0.dev20260514+d168ca5ca,/Volumes/external/sources/nanochat/.venv/bin/python scripts/m04_train_step.py --model-profile local_gb10_quarter --data-path data/parquet_samples/gb10/clang_semantic_4k_v10/val_00000.parquet --data-format parquet --token-key token_ids --steps 20 --batch-size 1 --seq-len 2048 --dtype bfloat16 --optimizer lion --optimizer-quant-scheme dynamic_int8_v1 --lr 1e-4 --grad-checkpoint --output /Volumes/external/sources/cppmega.mlx/reports/raw/cppmega_1b_path_matrix_cells_20260518_full_path_c_f0390c5_pinned/bf16_lion_path_c_cold.json --json,/Volumes/external/sources/cppmega.mlx/reports/raw/cppmega_1b_path_matrix_cells_20260518_full_path_c_f0390c5_pinned/bf16_lion_path_c_cold.json,0,145.79762883399962
bf16_lion_path_c_warm,bf16,lion,path_c_warm,ok,lion,lion,Lion,cppmega_mlx.training.optimizers.LionFP32Moments,cppmega_mlx.training.optimizers.make_lion,20,12.548151124996366,3.234530416986672,606.6595656713425,3.2499220460533826,12.548151124996366,26.911674097180367,10.25429903715849,0.0,True,"{""kernel_counts"": {""path_c_tilelang_dsl"": 120, ""path_c_tilelang_dsl_packed_post"": 40}, ""op_kernel"": {""m2rnn"": ""path_c_tilelang_dsl_packed_post"", ""mamba3_mimo"": ""path_c_tilelang_dsl""}, ""path_counts"": {""path_c"": 160}}","{""fp8_path_c_route_status"": ""not_requested"", ""kernel_surface_available"": true, ""path"": ""path_c_warm"", ""path_c_requested"": true, ""proof_source"": ""per-kernel TileLang route receipts plus runtime dispatch log""}",ok,f0390c5,6c37b335,d168ca5ca,0.32.0.dev20260514+d168ca5ca,/Volumes/external/sources/nanochat/.venv/bin/python scripts/m04_train_step.py --model-profile local_gb10_quarter --data-path data/parquet_samples/gb10/clang_semantic_4k_v10/val_00000.parquet --data-format parquet --token-key token_ids --steps 20 --batch-size 1 --seq-len 2048 --dtype bfloat16 --optimizer lion --optimizer-quant-scheme dynamic_int8_v1 --lr 1e-4 --grad-checkpoint --output /Volumes/external/sources/cppmega.mlx/reports/raw/cppmega_1b_path_matrix_cells_20260518_full_path_c_f0390c5_pinned/bf16_lion_path_c_warm.json --json,/Volumes/external/sources/cppmega.mlx/reports/raw/cppmega_1b_path_matrix_cells_20260518_full_path_c_f0390c5_pinned/bf16_lion_path_c_warm.json,0,132.71133816699148
bf16_lion8bit_path_b,bf16,lion8bit,path_b,ok,lion8bit,lion8bit,Lion8bit,cppmega_mlx.training.optimizers_quantized.Lion8bit,cppmega_mlx.training.optimizers_quantized.make_lion8bit,20,7.603443792002508,13.336000499984948,160.99006821588029,13.229695024100549,7.603443792002508,28.613678742200136,5.157838478684425,58.17699049413204,,"{""kernel_counts"": {""metal_kernel_fwd_v1"": 160}, ""op_kernel"": {""m2rnn"": ""metal_kernel_fwd_v1"", ""mamba3_mimo"": ""metal_kernel_fwd_v1""}, ""path_counts"": {""path_b"": 160}}","{""fp8_path_c_route_status"": ""not_requested"", ""kernel_surface_available"": true, ""path"": ""path_b"", ""path_c_requested"": false, ""proof_source"": ""per-kernel TileLang route receipts plus runtime dispatch log""}",ok,f0390c5,6c37b335,d168ca5ca,0.32.0.dev20260514+d168ca5ca,/Volumes/external/sources/nanochat/.venv/bin/python scripts/m04_train_step.py --model-profile local_gb10_quarter --data-path data/parquet_samples/gb10/clang_semantic_4k_v10/val_00000.parquet --data-format parquet --token-key token_ids --steps 20 --batch-size 1 --seq-len 2048 --dtype bfloat16 --optimizer lion8bit --optimizer-quant-scheme dynamic_int8_v1 --lr 1e-4 --grad-checkpoint --output /Volumes/external/sources/cppmega.mlx/reports/raw/cppmega_1b_path_matrix_cells_20260518_full_path_c_f0390c5_pinned/bf16_lion8bit_path_b.json --json,/Volumes/external/sources/cppmega.mlx/reports/raw/cppmega_1b_path_matrix_cells_20260518_full_path_c_f0390c5_pinned/bf16_lion8bit_path_b.json,0,319.64422295900295
bf16_lion8bit_path_c_cold,bf16,lion8bit,path_c_cold,ok,lion8bit,lion8bit,Lion8bit,cppmega_mlx.training.optimizers_quantized.Lion8bit,cppmega_mlx.training.optimizers_quantized.make_lion8bit,20,31.578527249977924,9.507501250016503,207.71826586043727,9.511407859788864,31.578527249977924,28.293012471869588,5.157778745517135,0.0,False,"{""kernel_counts"": {""path_c_tilelang_dsl"": 120, ""path_c_tilelang_dsl_packed_post"": 40}, ""op_kernel"": {""m2rnn"": ""path_c_tilelang_dsl_packed_post"", ""mamba3_mimo"": ""path_c_tilelang_dsl""}, ""path_counts"": {""path_c"": 160}}","{""fp8_path_c_route_status"": ""not_requested"", ""kernel_surface_available"": true, ""path"": ""path_c_cold"", ""path_c_requested"": true, ""proof_source"": ""per-kernel TileLang route receipts plus runtime dispatch log""}",ok,f0390c5,6c37b335,d168ca5ca,0.32.0.dev20260514+d168ca5ca,/Volumes/external/sources/nanochat/.venv/bin/python scripts/m04_train_step.py --model-profile local_gb10_quarter --data-path data/parquet_samples/gb10/clang_semantic_4k_v10/val_00000.parquet --data-format parquet --token-key token_ids --steps 20 --batch-size 1 --seq-len 2048 --dtype bfloat16 --optimizer lion8bit --optimizer-quant-scheme dynamic_int8_v1 --lr 1e-4 --grad-checkpoint --output /Volumes/external/sources/cppmega.mlx/reports/raw/cppmega_1b_path_matrix_cells_20260518_full_path_c_f0390c5_pinned/bf16_lion8bit_path_c_cold.json --json,/Volumes/external/sources/cppmega.mlx/reports/raw/cppmega_1b_path_matrix_cells_20260518_full_path_c_f0390c5_pinned/bf16_lion8bit_path_c_cold.json,0,270.7639768340159
bf16_lion8bit_path_c_warm,bf16,lion8bit,path_c_warm,ok,lion8bit,lion8bit,Lion8bit,cppmega_mlx.training.optimizers_quantized.Lion8bit,cppmega_mlx.training.optimizers_quantized.make_lion8bit,20,18.828433500020765,9.766126833012095,204.4384498699476,9.774624346366373,18.828433500020765,28.293012471869588,5.157778745517135,0.0,True,"{""kernel_counts"": {""path_c_tilelang_dsl"": 120, ""path_c_tilelang_dsl_packed_post"": 40}, ""op_kernel"": {""m2rnn"": ""path_c_tilelang_dsl_packed_post"", ""mamba3_mimo"": ""path_c_tilelang_dsl""}, ""path_counts"": {""path_c"": 160}}","{""fp8_path_c_route_status"": ""not_requested"", ""kernel_surface_available"": true, ""path"": ""path_c_warm"", ""path_c_requested"": true, ""proof_source"": ""per-kernel TileLang route receipts plus runtime dispatch log""}",ok,f0390c5,6c37b335,d168ca5ca,0.32.0.dev20260514+d168ca5ca,/Volumes/external/sources/nanochat/.venv/bin/python scripts/m04_train_step.py --model-profile local_gb10_quarter --data-path data/parquet_samples/gb10/clang_semantic_4k_v10/val_00000.parquet --data-format parquet --token-key token_ids --steps 20 --batch-size 1 --seq-len 2048 --dtype bfloat16 --optimizer lion8bit --optimizer-quant-scheme dynamic_int8_v1 --lr 1e-4 --grad-checkpoint --output /Volumes/external/sources/cppmega.mlx/reports/raw/cppmega_1b_path_matrix_cells_20260518_full_path_c_f0390c5_pinned/bf16_lion8bit_path_c_warm.json --json,/Volumes/external/sources/cppmega.mlx/reports/raw/cppmega_1b_path_matrix_cells_20260518_full_path_c_f0390c5_pinned/bf16_lion8bit_path_c_warm.json,0,262.8265730419953
bf16_muon_path_b,bf16,muon,path_b,ok,muon,muon_adamw,MuonAdamW,cppmega_mlx.training.optimizers.MuonAdamWMulti,cppmega_mlx.training.optimizers.make_muon,20,8.516211708978517,8.360538749984698,244.7145964312612,8.357104833418576,8.516211708978517,24.590936720371246,12.060717541724443,36.909798704087734,,"{""kernel_counts"": {""metal_kernel_fwd_v1"": 160}, ""op_kernel"": {""m2rnn"": ""metal_kernel_fwd_v1"", ""mamba3_mimo"": ""metal_kernel_fwd_v1""}, ""path_counts"": {""path_b"": 160}}","{""fp8_path_c_route_status"": ""not_requested"", ""kernel_surface_available"": true, ""path"": ""path_b"", ""path_c_requested"": false, ""proof_source"": ""per-kernel TileLang route receipts plus runtime dispatch log""}",ok,f0390c5,6c37b335,d168ca5ca,0.32.0.dev20260514+d168ca5ca,/Volumes/external/sources/nanochat/.venv/bin/python scripts/m04_train_step.py --model-profile local_gb10_quarter --data-path data/parquet_samples/gb10/clang_semantic_4k_v10/val_00000.parquet --data-format parquet --token-key token_ids --steps 20 --batch-size 1 --seq-len 2048 --dtype bfloat16 --optimizer muon --optimizer-quant-scheme dynamic_int8_v1 --lr 1e-4 --grad-checkpoint --output /Volumes/external/sources/cppmega.mlx/reports/raw/cppmega_1b_path_matrix_cells_20260518_full_path_c_f0390c5_pinned/bf16_muon_path_b.json --json,/Volumes/external/sources/cppmega.mlx/reports/raw/cppmega_1b_path_matrix_cells_20260518_full_path_c_f0390c5_pinned/bf16_muon_path_b.json,0,224.78985916698002
bf16_muon_path_c_cold,bf16,muon,path_c_cold,ok,muon,muon_adamw,MuonAdamW,cppmega_mlx.training.optimizers.MuonAdamWMulti,cppmega_mlx.training.optimizers.make_muon,20,30.274583416001406,8.274235916003818,238.4314780400859,8.273622050314627,30.274583416001406,28.71805776283145,12.060682702809572,0.0,False,"{""kernel_counts"": {""path_c_tilelang_dsl"": 120, ""path_c_tilelang_dsl_packed_post"": 40}, ""op_kernel"": {""m2rnn"": ""path_c_tilelang_dsl_packed_post"", ""mamba3_mimo"": ""path_c_tilelang_dsl""}, ""path_counts"": {""path_c"": 160}}","{""fp8_path_c_route_status"": ""not_requested"", ""kernel_surface_available"": true, ""path"": ""path_c_cold"", ""path_c_requested"": true, ""proof_source"": ""per-kernel TileLang route receipts plus runtime dispatch log""}",ok,f0390c5,6c37b335,d168ca5ca,0.32.0.dev20260514+d168ca5ca,/Volumes/external/sources/nanochat/.venv/bin/python scripts/m04_train_step.py --model-profile local_gb10_quarter --data-path data/parquet_samples/gb10/clang_semantic_4k_v10/val_00000.parquet --data-format parquet --token-key token_ids --steps 20 --batch-size 1 --seq-len 2048 --dtype bfloat16 --optimizer muon --optimizer-quant-scheme dynamic_int8_v1 --lr 1e-4 --grad-checkpoint --output /Volumes/external/sources/cppmega.mlx/reports/raw/cppmega_1b_path_matrix_cells_20260518_full_path_c_f0390c5_pinned/bf16_muon_path_c_cold.json --json,/Volumes/external/sources/cppmega.mlx/reports/raw/cppmega_1b_path_matrix_cells_20260518_full_path_c_f0390c5_pinned/bf16_muon_path_c_cold.json,0,245.52481783300755
bf16_muon_path_c_warm,bf16,muon,path_c_warm,ok,muon,muon_adamw,MuonAdamW,cppmega_mlx.training.optimizers.MuonAdamWMulti,cppmega_mlx.training.optimizers.make_muon,20,17.356270000018412,8.356647167005576,238.72213184843153,8.352603855155298,17.356270000018412,28.71805776283145,12.060682702809572,0.0,True,"{""kernel_counts"": {""path_c_tilelang_dsl"": 120, ""path_c_tilelang_dsl_packed_post"": 40}, ""op_kernel"": {""m2rnn"": ""path_c_tilelang_dsl_packed_post"", ""mamba3_mimo"": ""path_c_tilelang_dsl""}, ""path_counts"": {""path_c"": 160}}","{""fp8_path_c_route_status"": ""not_requested"", ""kernel_surface_available"": true, ""path"": ""path_c_warm"", ""path_c_requested"": true, ""proof_source"": ""per-kernel TileLang route receipts plus runtime dispatch log""}",ok,f0390c5,6c37b335,d168ca5ca,0.32.0.dev20260514+d168ca5ca,/Volumes/external/sources/nanochat/.venv/bin/python scripts/m04_train_step.py --model-profile local_gb10_quarter --data-path data/parquet_samples/gb10/clang_semantic_4k_v10/val_00000.parquet --data-format parquet --token-key token_ids --steps 20 --batch-size 1 --seq-len 2048 --dtype bfloat16 --optimizer muon --optimizer-quant-scheme dynamic_int8_v1 --lr 1e-4 --grad-checkpoint --output /Volumes/external/sources/cppmega.mlx/reports/raw/cppmega_1b_path_matrix_cells_20260518_full_path_c_f0390c5_pinned/bf16_muon_path_c_warm.json --json,/Volumes/external/sources/cppmega.mlx/reports/raw/cppmega_1b_path_matrix_cells_20260518_full_path_c_f0390c5_pinned/bf16_muon_path_c_warm.json,0,234.78639641602058
bf16_muon_adamw_path_b,bf16,muon_adamw,path_b,ok,muon_adamw,muon_adamw,MuonAdamW,cppmega_mlx.training.optimizers.MuonAdamWMulti,cppmega_mlx.training.optimizers.make_muon,20,8.066424499993445,7.903629958018428,258.5887068215596,7.908665335369541,8.066424499993445,24.590936720371246,12.060717541724443,36.909798704087734,,"{""kernel_counts"": {""metal_kernel_fwd_v1"": 160}, ""op_kernel"": {""m2rnn"": ""metal_kernel_fwd_v1"", ""mamba3_mimo"": ""metal_kernel_fwd_v1""}, ""path_counts"": {""path_b"": 160}}","{""fp8_path_c_route_status"": ""not_requested"", ""kernel_surface_available"": true, ""path"": ""path_b"", ""path_c_requested"": false, ""proof_source"": ""per-kernel TileLang route receipts plus runtime dispatch log""}",ok,f0390c5,6c37b335,d168ca5ca,0.32.0.dev20260514+d168ca5ca,/Volumes/external/sources/nanochat/.venv/bin/python scripts/m04_train_step.py --model-profile local_gb10_quarter --data-path data/parquet_samples/gb10/clang_semantic_4k_v10/val_00000.parquet --data-format parquet --token-key token_ids --steps 20 --batch-size 1 --seq-len 2048 --dtype bfloat16 --optimizer muon_adamw --optimizer-quant-scheme dynamic_int8_v1 --lr 1e-4 --grad-checkpoint --output /Volumes/external/sources/cppmega.mlx/reports/raw/cppmega_1b_path_matrix_cells_20260518_full_path_c_f0390c5_pinned/bf16_muon_adamw_path_b.json --json,/Volumes/external/sources/cppmega.mlx/reports/raw/cppmega_1b_path_matrix_cells_20260518_full_path_c_f0390c5_pinned/bf16_muon_adamw_path_b.json,0,218.28858350001974
bf16_muon_adamw_path_c_cold,bf16,muon_adamw,path_c_cold,ok,muon_adamw,muon_adamw,MuonAdamW,cppmega_mlx.training.optimizers.MuonAdamWMulti,cppmega_mlx.training.optimizers.make_muon,20,31.65121487498982,8.29655712499516,237.47956952921965,8.301975309265178,31.65121487498982,28.71805776283145,12.060682702809572,0.0,False,"{""kernel_counts"": {""path_c_tilelang_dsl"": 120, ""path_c_tilelang_dsl_packed_post"": 40}, ""op_kernel"": {""m2rnn"": ""path_c_tilelang_dsl_packed_post"", ""mamba3_mimo"": ""path_c_tilelang_dsl""}, ""path_counts"": {""path_c"": 160}}","{""fp8_path_c_route_status"": ""not_requested"", ""kernel_surface_available"": true, ""path"": ""path_c_cold"", ""path_c_requested"": true, ""proof_source"": ""per-kernel TileLang route receipts plus runtime dispatch log""}",ok,f0390c5,6c37b335,d168ca5ca,0.32.0.dev20260514+d168ca5ca,/Volumes/external/sources/nanochat/.venv/bin/python scripts/m04_train_step.py --model-profile local_gb10_quarter --data-path data/parquet_samples/gb10/clang_semantic_4k_v10/val_00000.parquet --data-format parquet --token-key token_ids --steps 20 --batch-size 1 --seq-len 2048 --dtype bfloat16 --optimizer muon_adamw --optimizer-quant-scheme dynamic_int8_v1 --lr 1e-4 --grad-checkpoint --output /Volumes/external/sources/cppmega.mlx/reports/raw/cppmega_1b_path_matrix_cells_20260518_full_path_c_f0390c5_pinned/bf16_muon_adamw_path_c_cold.json --json,/Volumes/external/sources/cppmega.mlx/reports/raw/cppmega_1b_path_matrix_cells_20260518_full_path_c_f0390c5_pinned/bf16_muon_adamw_path_c_cold.json,0,249.28471283399267
bf16_muon_adamw_path_c_warm,bf16,muon_adamw,path_c_warm,ok,muon_adamw,muon_adamw,MuonAdamW,cppmega_mlx.training.optimizers.MuonAdamWMulti,cppmega_mlx.training.optimizers.make_muon,20,17.394657415978145,8.353707000002032,238.78979431420598,8.349666100995627,17.394657415978145,28.71805776283145,12.060682702809572,0.0,True,"{""kernel_counts"": {""path_c_tilelang_dsl"": 120, ""path_c_tilelang_dsl_packed_post"": 40}, ""op_kernel"": {""m2rnn"": ""path_c_tilelang_dsl_packed_post"", ""mamba3_mimo"": ""path_c_tilelang_dsl""}, ""path_counts"": {""path_c"": 160}}","{""fp8_path_c_route_status"": ""not_requested"", ""kernel_surface_available"": true, ""path"": ""path_c_warm"", ""path_c_requested"": true, ""proof_source"": ""per-kernel TileLang route receipts plus runtime dispatch log""}",ok,f0390c5,6c37b335,d168ca5ca,0.32.0.dev20260514+d168ca5ca,/Volumes/external/sources/nanochat/.venv/bin/python scripts/m04_train_step.py --model-profile local_gb10_quarter --data-path data/parquet_samples/gb10/clang_semantic_4k_v10/val_00000.parquet --data-format parquet --token-key token_ids --steps 20 --batch-size 1 --seq-len 2048 --dtype bfloat16 --optimizer muon_adamw --optimizer-quant-scheme dynamic_int8_v1 --lr 1e-4 --grad-checkpoint --output /Volumes/external/sources/cppmega.mlx/reports/raw/cppmega_1b_path_matrix_cells_20260518_full_path_c_f0390c5_pinned/bf16_muon_adamw_path_c_warm.json --json,/Volumes/external/sources/cppmega.mlx/reports/raw/cppmega_1b_path_matrix_cells_20260518_full_path_c_f0390c5_pinned/bf16_muon_adamw_path_c_warm.json,0,235.25118933300837
bf16_muon_int8_path_b,bf16,muon_int8,path_b,ok,int8,int8,MuonAdamWInt8,cppmega_mlx.training.optimizers.MuonAdamWMulti,cppmega_mlx.training.optimizers.make_muon(int8_state),20,15.471528708003461,18.433587499981513,111.99919486313036,18.45634227184009,15.471528708003461,21.409449122846127,5.616972727701068,57.006272313185036,,"{""kernel_counts"": {""metal_kernel_fwd_v1"": 160}, ""op_kernel"": {""m2rnn"": ""metal_kernel_fwd_v1"", ""mamba3_mimo"": ""metal_kernel_fwd_v1""}, ""path_counts"": {""path_b"": 160}}","{""fp8_path_c_route_status"": ""not_requested"", ""kernel_surface_available"": true, ""path"": ""path_b"", ""path_c_requested"": false, ""proof_source"": ""per-kernel TileLang route receipts plus runtime dispatch log""}",ok,f0390c5,6c37b335,d168ca5ca,0.32.0.dev20260514+d168ca5ca,/Volumes/external/sources/nanochat/.venv/bin/python scripts/m04_train_step.py --model-profile local_gb10_quarter --data-path data/parquet_samples/gb10/clang_semantic_4k_v10/val_00000.parquet --data-format parquet --token-key token_ids --steps 20 --batch-size 1 --seq-len 2048 --dtype bfloat16 --optimizer int8 --optimizer-quant-scheme dynamic_int8_v1 --lr 1e-4 --grad-checkpoint --output /Volumes/external/sources/cppmega.mlx/reports/raw/cppmega_1b_path_matrix_cells_20260518_full_path_c_f0390c5_pinned/bf16_muon_int8_path_b.json --json,/Volumes/external/sources/cppmega.mlx/reports/raw/cppmega_1b_path_matrix_cells_20260518_full_path_c_f0390c5_pinned/bf16_muon_int8_path_b.json,0,424.90575966698816
bf16_muon_int8_path_c_cold,bf16,muon_int8,path_c_cold,ok,int8,int8,MuonAdamWInt8,cppmega_mlx.training.optimizers.MuonAdamWMulti,cppmega_mlx.training.optimizers.make_muon(int8_state),20,38.63239566699485,16.848526707995916,117.75658222405764,16.898061984475998,38.63239566699485,22.27427339181304,5.6168983317911625,0.0,False,"{""kernel_counts"": {""path_c_tilelang_dsl"": 120, ""path_c_tilelang_dsl_packed_post"": 40}, ""op_kernel"": {""m2rnn"": ""path_c_tilelang_dsl_packed_post"", ""mamba3_mimo"": ""path_c_tilelang_dsl""}, ""path_counts"": {""path_c"": 160}}","{""fp8_path_c_route_status"": ""not_requested"", ""kernel_surface_available"": true, ""path"": ""path_c_cold"", ""path_c_requested"": true, ""proof_source"": ""per-kernel TileLang route receipts plus runtime dispatch log""}",ok,f0390c5,6c37b335,d168ca5ca,0.32.0.dev20260514+d168ca5ca,/Volumes/external/sources/nanochat/.venv/bin/python scripts/m04_train_step.py --model-profile local_gb10_quarter --data-path data/parquet_samples/gb10/clang_semantic_4k_v10/val_00000.parquet --data-format parquet --token-key token_ids --steps 20 --batch-size 1 --seq-len 2048 --dtype bfloat16 --optimizer int8 --optimizer-quant-scheme dynamic_int8_v1 --lr 1e-4 --grad-checkpoint --output /Volumes/external/sources/cppmega.mlx/reports/raw/cppmega_1b_path_matrix_cells_20260518_full_path_c_f0390c5_pinned/bf16_muon_int8_path_c_cold.json --json,/Volumes/external/sources/cppmega.mlx/reports/raw/cppmega_1b_path_matrix_cells_20260518_full_path_c_f0390c5_pinned/bf16_muon_int8_path_c_cold.json,0,419.5445176670037
bf16_muon_int8_path_c_warm,bf16,muon_int8,path_c_warm,ok,int8,int8,MuonAdamWInt8,cppmega_mlx.training.optimizers.MuonAdamWMulti,cppmega_mlx.training.optimizers.make_muon(int8_state),20,26.074117957992712,17.098608665983193,117.53833483546407,17.1182110241023,26.074117957992712,22.27427339181304,5.6168983317911625,0.0,True,"{""kernel_counts"": {""path_c_tilelang_dsl"": 120, ""path_c_tilelang_dsl_packed_post"": 40}, ""op_kernel"": {""m2rnn"": ""path_c_tilelang_dsl_packed_post"", ""mamba3_mimo"": ""path_c_tilelang_dsl""}, ""path_counts"": {""path_c"": 160}}","{""fp8_path_c_route_status"": ""not_requested"", ""kernel_surface_available"": true, ""path"": ""path_c_warm"", ""path_c_requested"": true, ""proof_source"": ""per-kernel TileLang route receipts plus runtime dispatch log""}",ok,f0390c5,6c37b335,d168ca5ca,0.32.0.dev20260514+d168ca5ca,/Volumes/external/sources/nanochat/.venv/bin/python scripts/m04_train_step.py --model-profile local_gb10_quarter --data-path data/parquet_samples/gb10/clang_semantic_4k_v10/val_00000.parquet --data-format parquet --token-key token_ids --steps 20 --batch-size 1 --seq-len 2048 --dtype bfloat16 --optimizer int8 --optimizer-quant-scheme dynamic_int8_v1 --lr 1e-4 --grad-checkpoint --output /Volumes/external/sources/cppmega.mlx/reports/raw/cppmega_1b_path_matrix_cells_20260518_full_path_c_f0390c5_pinned/bf16_muon_int8_path_c_warm.json --json,/Volumes/external/sources/cppmega.mlx/reports/raw/cppmega_1b_path_matrix_cells_20260518_full_path_c_f0390c5_pinned/bf16_muon_int8_path_c_warm.json,0,410.11977708298946
fp8_adamw_path_b,fp8,adamw,path_b,ok,adamw,adamw,AdamW,cppmega_mlx.training.optimizers.AdamWFP32Moments,cppmega_mlx.training.optimizers.make_adamw,20,3.8148848330019973,2.734234250005102,725.4488392019166,2.814099607529658,3.8148848330019973,30.538197055459023,17.090503718703985,37.74960355181247,,"{""kernel_counts"": {""metal_kernel_fwd_v1"": 146, ""sparse_mla_fp8_reference_path_b"": 110}, ""op_kernel"": {""m2rnn"": ""metal_kernel_fwd_v1"", ""mamba3_mimo"": ""metal_kernel_fwd_v1"", ""sparse_mla"": ""sparse_mla_fp8_reference_path_b""}, ""path_counts"": {""path_b"": 256}}","{""fp8_path_c_route_status"": ""not_requested"", ""kernel_surface_available"": true, ""path"": ""path_b"", ""path_c_requested"": false, ""proof_source"": ""per-kernel TileLang route receipts plus runtime dispatch log""}",ok,f0390c5,6c37b335,d168ca5ca,0.32.0.dev20260514+d168ca5ca,/Volumes/external/sources/nanochat/.venv/bin/python scripts/m04_train_step.py --model-profile local_gb10_quarter --data-path data/parquet_samples/gb10/clang_semantic_4k_v10/val_00000.parquet --data-format parquet --token-key token_ids --steps 20 --batch-size 1 --seq-len 2048 --dtype fp8_path_b --optimizer adamw --optimizer-quant-scheme dynamic_int8_v1 --lr 1e-4 --grad-checkpoint --output /Volumes/external/sources/cppmega.mlx/reports/raw/cppmega_1b_path_matrix_cells_20260518_full_path_c_f0390c5_pinned/fp8_adamw_path_b.json --json,/Volumes/external/sources/cppmega.mlx/reports/raw/cppmega_1b_path_matrix_cells_20260518_full_path_c_f0390c5_pinned/fp8_adamw_path_b.json,0,116.3911014170153
fp8_adamw_path_c_cold,fp8,adamw,path_c_cold,ok,adamw,adamw,AdamW,cppmega_mlx.training.optimizers.AdamWFP32Moments,cppmega_mlx.training.optimizers.make_adamw,20,38.828375999990385,4.590243334008846,407.29454842835446,4.905534179895001,38.828375999990385,63.00406803470105,17.09046784043312,0.0,False,"{""kernel_counts"": {""path_c_tilelang_dsl_fwd_path_b_bwd"": 110, ""path_c_tilelang_dsl_packed_post"": 36, ""tilelang_fp8_prepared_path_c_fwd"": 110}, ""op_kernel"": {""m2rnn"": ""path_c_tilelang_dsl_packed_post"", ""mamba3_mimo"": ""path_c_tilelang_dsl_fwd_path_b_bwd"", ""sparse_mla"": ""tilelang_fp8_prepared_path_c_fwd""}, ""path_counts"": {""path_c"": 256}}","{""fp8_path_c_route_status"": ""m04_path_c_training_route_available"", ""kernel_surface_available"": true, ""path"": ""path_c_cold"", ""path_c_requested"": true, ""proof_source"": ""per-kernel TileLang route receipts plus runtime dispatch log""}",ok,f0390c5,6c37b335,d168ca5ca,0.32.0.dev20260514+d168ca5ca,/Volumes/external/sources/nanochat/.venv/bin/python scripts/m04_train_step.py --model-profile local_gb10_quarter --data-path data/parquet_samples/gb10/clang_semantic_4k_v10/val_00000.parquet --data-format parquet --token-key token_ids --steps 20 --batch-size 1 --seq-len 2048 --dtype fp8_path_c --optimizer adamw --optimizer-quant-scheme dynamic_int8_v1 --lr 1e-4 --grad-checkpoint --output /Volumes/external/sources/cppmega.mlx/reports/raw/cppmega_1b_path_matrix_cells_20260518_full_path_c_f0390c5_pinned/fp8_adamw_path_c_cold.json --json,/Volumes/external/sources/cppmega.mlx/reports/raw/cppmega_1b_path_matrix_cells_20260518_full_path_c_f0390c5_pinned/fp8_adamw_path_c_cold.json,0,191.98492416698718
fp8_adamw_path_c_warm,fp8,adamw,path_c_warm,ok,adamw,adamw,AdamW,cppmega_mlx.training.optimizers.AdamWFP32Moments,cppmega_mlx.training.optimizers.make_adamw,20,13.897813042014604,4.516810708009871,428.9437038548869,4.6750529583675275,13.897813042014604,63.00406803470105,17.09046784043312,0.0,True,"{""kernel_counts"": {""path_c_tilelang_dsl_fwd_path_b_bwd"": 110, ""path_c_tilelang_dsl_packed_post"": 36, ""tilelang_fp8_prepared_path_c_fwd"": 110}, ""op_kernel"": {""m2rnn"": ""path_c_tilelang_dsl_packed_post"", ""mamba3_mimo"": ""path_c_tilelang_dsl_fwd_path_b_bwd"", ""sparse_mla"": ""tilelang_fp8_prepared_path_c_fwd""}, ""path_counts"": {""path_c"": 256}}","{""fp8_path_c_route_status"": ""m04_path_c_training_route_available"", ""kernel_surface_available"": true, ""path"": ""path_c_warm"", ""path_c_requested"": true, ""proof_source"": ""per-kernel TileLang route receipts plus runtime dispatch log""}",ok,f0390c5,6c37b335,d168ca5ca,0.32.0.dev20260514+d168ca5ca,/Volumes/external/sources/nanochat/.venv/bin/python scripts/m04_train_step.py --model-profile local_gb10_quarter --data-path data/parquet_samples/gb10/clang_semantic_4k_v10/val_00000.parquet --data-format parquet --token-key token_ids --steps 20 --batch-size 1 --seq-len 2048 --dtype fp8_path_c --optimizer adamw --optimizer-quant-scheme dynamic_int8_v1 --lr 1e-4 --grad-checkpoint --output /Volumes/external/sources/cppmega.mlx/reports/raw/cppmega_1b_path_matrix_cells_20260518_full_path_c_f0390c5_pinned/fp8_adamw_path_c_warm.json --json,/Volumes/external/sources/cppmega.mlx/reports/raw/cppmega_1b_path_matrix_cells_20260518_full_path_c_f0390c5_pinned/fp8_adamw_path_c_warm.json,0,162.63340062499628
fp8_adam8bit_path_b,fp8,adam8bit,path_b,ok,adam8bit,adam8bit,Adam8bit,cppmega_mlx.training.optimizers_quantized.Adam8bit,cppmega_mlx.training.optimizers_quantized.make_adam8bit,20,14.829657624999527,22.146702958008973,96.01606096169077,21.868631984681613,14.829657624999527,33.26225293241441,6.898133851587772,66.40285604260862,,"{""kernel_counts"": {""metal_kernel_fwd_v1"": 146, ""sparse_mla_fp8_reference_path_b"": 110}, ""op_kernel"": {""m2rnn"": ""metal_kernel_fwd_v1"", ""mamba3_mimo"": ""metal_kernel_fwd_v1"", ""sparse_mla"": ""sparse_mla_fp8_reference_path_b""}, ""path_counts"": {""path_b"": 256}}","{""fp8_path_c_route_status"": ""not_requested"", ""kernel_surface_available"": true, ""path"": ""path_b"", ""path_c_requested"": false, ""proof_source"": ""per-kernel TileLang route receipts plus runtime dispatch log""}",ok,f0390c5,6c37b335,d168ca5ca,0.32.0.dev20260514+d168ca5ca,/Volumes/external/sources/nanochat/.venv/bin/python scripts/m04_train_step.py --model-profile local_gb10_quarter --data-path data/parquet_samples/gb10/clang_semantic_4k_v10/val_00000.parquet --data-format parquet --token-key token_ids --steps 20 --batch-size 1 --seq-len 2048 --dtype fp8_path_b --optimizer adam8bit --optimizer-quant-scheme dynamic_int8_v1 --lr 1e-4 --grad-checkpoint --output /Volumes/external/sources/cppmega.mlx/reports/raw/cppmega_1b_path_matrix_cells_20260518_full_path_c_f0390c5_pinned/fp8_adam8bit_path_b.json --json,/Volumes/external/sources/cppmega.mlx/reports/raw/cppmega_1b_path_matrix_cells_20260518_full_path_c_f0390c5_pinned/fp8_adam8bit_path_b.json,0,491.0737682500039
fp8_adam8bit_path_c_cold,fp8,adam8bit,path_c_cold,ok,adam8bit,adam8bit,Adam8bit,cppmega_mlx.training.optimizers_quantized.Adam8bit,cppmega_mlx.training.optimizers_quantized.make_adam8bit,20,52.25043645797996,17.76795237499755,111.14770305029563,17.819753293790487,52.25043645797996,52.811462628655136,6.897862434387207,0.0,False,"{""kernel_counts"": {""path_c_tilelang_dsl_fwd_path_b_bwd"": 110, ""path_c_tilelang_dsl_packed_post"": 36, ""tilelang_fp8_prepared_path_c_fwd"": 110}, ""op_kernel"": {""m2rnn"": ""path_c_tilelang_dsl_packed_post"", ""mamba3_mimo"": ""path_c_tilelang_dsl_fwd_path_b_bwd"", ""sparse_mla"": ""tilelang_fp8_prepared_path_c_fwd""}, ""path_counts"": {""path_c"": 256}}","{""fp8_path_c_route_status"": ""m04_path_c_training_route_available"", ""kernel_surface_available"": true, ""path"": ""path_c_cold"", ""path_c_requested"": true, ""proof_source"": ""per-kernel TileLang route receipts plus runtime dispatch log""}",ok,f0390c5,6c37b335,d168ca5ca,0.32.0.dev20260514+d168ca5ca,/Volumes/external/sources/nanochat/.venv/bin/python scripts/m04_train_step.py --model-profile local_gb10_quarter --data-path data/parquet_samples/gb10/clang_semantic_4k_v10/val_00000.parquet --data-format parquet --token-key token_ids --steps 20 --batch-size 1 --seq-len 2048 --dtype fp8_path_c --optimizer adam8bit --optimizer-quant-scheme dynamic_int8_v1 --lr 1e-4 --grad-checkpoint --output /Volumes/external/sources/cppmega.mlx/reports/raw/cppmega_1b_path_matrix_cells_20260518_full_path_c_f0390c5_pinned/fp8_adam8bit_path_c_cold.json --json,/Volumes/external/sources/cppmega.mlx/reports/raw/cppmega_1b_path_matrix_cells_20260518_full_path_c_f0390c5_pinned/fp8_adam8bit_path_c_cold.json,0,450.6252099169942
fp8_adam8bit_path_c_warm,fp8,adam8bit,path_c_warm,ok,adam8bit,adam8bit,Adam8bit,cppmega_mlx.training.optimizers_quantized.Adam8bit,cppmega_mlx.training.optimizers_quantized.make_adam8bit,20,28.26809216698166,18.915496875008103,107.22135299059983,18.777030364049622,28.26809216698166,52.811462628655136,6.897862434387207,0.0,True,"{""kernel_counts"": {""path_c_tilelang_dsl_fwd_path_b_bwd"": 110, ""path_c_tilelang_dsl_packed_post"": 36, ""tilelang_fp8_prepared_path_c_fwd"": 110}, ""op_kernel"": {""m2rnn"": ""path_c_tilelang_dsl_packed_post"", ""mamba3_mimo"": ""path_c_tilelang_dsl_fwd_path_b_bwd"", ""sparse_mla"": ""tilelang_fp8_prepared_path_c_fwd""}, ""path_counts"": {""path_c"": 256}}","{""fp8_path_c_route_status"": ""m04_path_c_training_route_available"", ""kernel_surface_available"": true, ""path"": ""path_c_warm"", ""path_c_requested"": true, ""proof_source"": ""per-kernel TileLang route receipts plus runtime dispatch log""}",ok,f0390c5,6c37b335,d168ca5ca,0.32.0.dev20260514+d168ca5ca,/Volumes/external/sources/nanochat/.venv/bin/python scripts/m04_train_step.py --model-profile local_gb10_quarter --data-path data/parquet_samples/gb10/clang_semantic_4k_v10/val_00000.parquet --data-format parquet --token-key token_ids --steps 20 --batch-size 1 --seq-len 2048 --dtype fp8_path_c --optimizer adam8bit --optimizer-quant-scheme dynamic_int8_v1 --lr 1e-4 --grad-checkpoint --output /Volumes/external/sources/cppmega.mlx/reports/raw/cppmega_1b_path_matrix_cells_20260518_full_path_c_f0390c5_pinned/fp8_adam8bit_path_c_warm.json --json,/Volumes/external/sources/cppmega.mlx/reports/raw/cppmega_1b_path_matrix_cells_20260518_full_path_c_f0390c5_pinned/fp8_adam8bit_path_c_warm.json,0,445.1226587090059
fp8_lion_path_b,fp8,lion,path_b,ok,lion,lion,Lion,cppmega_mlx.training.optimizers.LionFP32Moments,cppmega_mlx.training.optimizers.make_lion,20,6.235542832990177,2.812545541994041,613.5076722164414,3.8353465352097134,6.235542832990177,34.43092466145754,10.254438858479261,45.716104455292225,,"{""kernel_counts"": {""metal_kernel_fwd_v1"": 146, ""sparse_mla_fp8_reference_path_b"": 110}, ""op_kernel"": {""m2rnn"": ""metal_kernel_fwd_v1"", ""mamba3_mimo"": ""metal_kernel_fwd_v1"", ""sparse_mla"": ""sparse_mla_fp8_reference_path_b""}, ""path_counts"": {""path_b"": 256}}","{""fp8_path_c_route_status"": ""not_requested"", ""kernel_surface_available"": true, ""path"": ""path_b"", ""path_c_requested"": false, ""proof_source"": ""per-kernel TileLang route receipts plus runtime dispatch log""}",ok,f0390c5,6c37b335,d168ca5ca,0.32.0.dev20260514+d168ca5ca,/Volumes/external/sources/nanochat/.venv/bin/python scripts/m04_train_step.py --model-profile local_gb10_quarter --data-path data/parquet_samples/gb10/clang_semantic_4k_v10/val_00000.parquet --data-format parquet --token-key token_ids --steps 20 --batch-size 1 --seq-len 2048 --dtype fp8_path_b --optimizer lion --optimizer-quant-scheme dynamic_int8_v1 --lr 1e-4 --grad-checkpoint --output /Volumes/external/sources/cppmega.mlx/reports/raw/cppmega_1b_path_matrix_cells_20260518_full_path_c_f0390c5_pinned/fp8_lion_path_b.json --json,/Volumes/external/sources/cppmega.mlx/reports/raw/cppmega_1b_path_matrix_cells_20260518_full_path_c_f0390c5_pinned/fp8_lion_path_b.json,0,138.48142754202127
fp8_lion_path_c_cold,fp8,lion,path_c_cold,ok,lion,lion,Lion,cppmega_mlx.training.optimizers.LionFP32Moments,cppmega_mlx.training.optimizers.make_lion,20,39.21282724998309,3.687847499997588,528.1495878938965,3.701642455992681,39.21282724998309,56.16789923142642,10.25429903715849,0.0,False,"{""kernel_counts"": {""path_c_tilelang_dsl_fwd_path_b_bwd"": 110, ""path_c_tilelang_dsl_packed_post"": 36, ""tilelang_fp8_prepared_path_c_fwd"": 110}, ""op_kernel"": {""m2rnn"": ""path_c_tilelang_dsl_packed_post"", ""mamba3_mimo"": ""path_c_tilelang_dsl_fwd_path_b_bwd"", ""sparse_mla"": ""tilelang_fp8_prepared_path_c_fwd""}, ""path_counts"": {""path_c"": 256}}","{""fp8_path_c_route_status"": ""m04_path_c_training_route_available"", ""kernel_surface_available"": true, ""path"": ""path_c_cold"", ""path_c_requested"": true, ""proof_source"": ""per-kernel TileLang route receipts plus runtime dispatch log""}",ok,f0390c5,6c37b335,d168ca5ca,0.32.0.dev20260514+d168ca5ca,/Volumes/external/sources/nanochat/.venv/bin/python scripts/m04_train_step.py --model-profile local_gb10_quarter --data-path data/parquet_samples/gb10/clang_semantic_4k_v10/val_00000.parquet --data-format parquet --token-key token_ids --steps 20 --batch-size 1 --seq-len 2048 --dtype fp8_path_c --optimizer lion --optimizer-quant-scheme dynamic_int8_v1 --lr 1e-4 --grad-checkpoint --output /Volumes/external/sources/cppmega.mlx/reports/raw/cppmega_1b_path_matrix_cells_20260518_full_path_c_f0390c5_pinned/fp8_lion_path_c_cold.json --json,/Volumes/external/sources/cppmega.mlx/reports/raw/cppmega_1b_path_matrix_cells_20260518_full_path_c_f0390c5_pinned/fp8_lion_path_c_cold.json,0,178.05477025001892
fp8_lion_path_c_warm,fp8,lion,path_c_warm,ok,lion,lion,Lion,cppmega_mlx.training.optimizers.LionFP32Moments,cppmega_mlx.training.optimizers.make_lion,20,16.029563041985966,3.9112082500068936,492.58814034092165,4.013613899259853,16.029563041985966,56.16789923142642,10.25429903715849,0.0,True,"{""kernel_counts"": {""path_c_tilelang_dsl_fwd_path_b_bwd"": 110, ""path_c_tilelang_dsl_packed_post"": 36, ""tilelang_fp8_prepared_path_c_fwd"": 110}, ""op_kernel"": {""m2rnn"": ""path_c_tilelang_dsl_packed_post"", ""mamba3_mimo"": ""path_c_tilelang_dsl_fwd_path_b_bwd"", ""sparse_mla"": ""tilelang_fp8_prepared_path_c_fwd""}, ""path_counts"": {""path_c"": 256}}","{""fp8_path_c_route_status"": ""m04_path_c_training_route_available"", ""kernel_surface_available"": true, ""path"": ""path_c_warm"", ""path_c_requested"": true, ""proof_source"": ""per-kernel TileLang route receipts plus runtime dispatch log""}",ok,f0390c5,6c37b335,d168ca5ca,0.32.0.dev20260514+d168ca5ca,/Volumes/external/sources/nanochat/.venv/bin/python scripts/m04_train_step.py --model-profile local_gb10_quarter --data-path data/parquet_samples/gb10/clang_semantic_4k_v10/val_00000.parquet --data-format parquet --token-key token_ids --steps 20 --batch-size 1 --seq-len 2048 --dtype fp8_path_c --optimizer lion --optimizer-quant-scheme dynamic_int8_v1 --lr 1e-4 --grad-checkpoint --output /Volumes/external/sources/cppmega.mlx/reports/raw/cppmega_1b_path_matrix_cells_20260518_full_path_c_f0390c5_pinned/fp8_lion_path_c_warm.json --json,/Volumes/external/sources/cppmega.mlx/reports/raw/cppmega_1b_path_matrix_cells_20260518_full_path_c_f0390c5_pinned/fp8_lion_path_c_warm.json,0,153.93440720799845
fp8_lion8bit_path_b,fp8,lion8bit,path_b,ok,lion8bit,lion8bit,Lion8bit,cppmega_mlx.training.optimizers_quantized.Lion8bit,cppmega_mlx.training.optimizers_quantized.make_lion8bit,20,8.7706115830224,16.815007416997105,145.64992139355294,15.768178908002723,8.7706115830224,29.53085375018418,5.15786955319345,61.98099161311984,,"{""kernel_counts"": {""metal_kernel_fwd_v1"": 146, ""sparse_mla_fp8_reference_path_b"": 110}, ""op_kernel"": {""m2rnn"": ""metal_kernel_fwd_v1"", ""mamba3_mimo"": ""metal_kernel_fwd_v1"", ""sparse_mla"": ""sparse_mla_fp8_reference_path_b""}, ""path_counts"": {""path_b"": 256}}","{""fp8_path_c_route_status"": ""not_requested"", ""kernel_surface_available"": true, ""path"": ""path_b"", ""path_c_requested"": false, ""proof_source"": ""per-kernel TileLang route receipts plus runtime dispatch log""}",ok,f0390c5,6c37b335,d168ca5ca,0.32.0.dev20260514+d168ca5ca,/Volumes/external/sources/nanochat/.venv/bin/python scripts/m04_train_step.py --model-profile local_gb10_quarter --data-path data/parquet_samples/gb10/clang_semantic_4k_v10/val_00000.parquet --data-format parquet --token-key token_ids --steps 20 --batch-size 1 --seq-len 2048 --dtype fp8_path_b --optimizer lion8bit --optimizer-quant-scheme dynamic_int8_v1 --lr 1e-4 --grad-checkpoint --output /Volumes/external/sources/cppmega.mlx/reports/raw/cppmega_1b_path_matrix_cells_20260518_full_path_c_f0390c5_pinned/fp8_lion8bit_path_b.json --json,/Volumes/external/sources/cppmega.mlx/reports/raw/cppmega_1b_path_matrix_cells_20260518_full_path_c_f0390c5_pinned/fp8_lion8bit_path_b.json,0,395.3456162090006
fp8_lion8bit_path_c_cold,fp8,lion8bit,path_c_cold,ok,lion8bit,lion8bit,Lion8bit,cppmega_mlx.training.optimizers_quantized.Lion8bit,cppmega_mlx.training.optimizers_quantized.make_lion8bit,20,45.276945958001306,10.385773957998026,189.1604559681312,10.406647818049686,45.276945958001306,51.07137893978506,5.157778745517135,0.0,False,"{""kernel_counts"": {""path_c_tilelang_dsl_fwd_path_b_bwd"": 110, ""path_c_tilelang_dsl_packed_post"": 36, ""tilelang_fp8_prepared_path_c_fwd"": 110}, ""op_kernel"": {""m2rnn"": ""path_c_tilelang_dsl_packed_post"", ""mamba3_mimo"": ""path_c_tilelang_dsl_fwd_path_b_bwd"", ""sparse_mla"": ""tilelang_fp8_prepared_path_c_fwd""}, ""path_counts"": {""path_c"": 256}}","{""fp8_path_c_route_status"": ""m04_path_c_training_route_available"", ""kernel_surface_available"": true, ""path"": ""path_c_cold"", ""path_c_requested"": true, ""proof_source"": ""per-kernel TileLang route receipts plus runtime dispatch log""}",ok,f0390c5,6c37b335,d168ca5ca,0.32.0.dev20260514+d168ca5ca,/Volumes/external/sources/nanochat/.venv/bin/python scripts/m04_train_step.py --model-profile local_gb10_quarter --data-path data/parquet_samples/gb10/clang_semantic_4k_v10/val_00000.parquet --data-format parquet --token-key token_ids --steps 20 --batch-size 1 --seq-len 2048 --dtype fp8_path_c --optimizer lion8bit --optimizer-quant-scheme dynamic_int8_v1 --lr 1e-4 --grad-checkpoint --output /Volumes/external/sources/cppmega.mlx/reports/raw/cppmega_1b_path_matrix_cells_20260518_full_path_c_f0390c5_pinned/fp8_lion8bit_path_c_cold.json --json,/Volumes/external/sources/cppmega.mlx/reports/raw/cppmega_1b_path_matrix_cells_20260518_full_path_c_f0390c5_pinned/fp8_lion8bit_path_c_cold.json,0,301.5047965409758
fp8_lion8bit_path_c_warm,fp8,lion8bit,path_c_warm,ok,lion8bit,lion8bit,Lion8bit,cppmega_mlx.training.optimizers_quantized.Lion8bit,cppmega_mlx.training.optimizers_quantized.make_lion8bit,20,20.227435374981724,10.413434583984781,190.81936892894,10.471797800521783,20.227435374981724,51.07137893978506,5.157778745517135,0.0,True,"{""kernel_counts"": {""path_c_tilelang_dsl_fwd_path_b_bwd"": 110, ""path_c_tilelang_dsl_packed_post"": 36, ""tilelang_fp8_prepared_path_c_fwd"": 110}, ""op_kernel"": {""m2rnn"": ""path_c_tilelang_dsl_packed_post"", ""mamba3_mimo"": ""path_c_tilelang_dsl_fwd_path_b_bwd"", ""sparse_mla"": ""tilelang_fp8_prepared_path_c_fwd""}, ""path_counts"": {""path_c"": 256}}","{""fp8_path_c_route_status"": ""m04_path_c_training_route_available"", ""kernel_surface_available"": true, ""path"": ""path_c_warm"", ""path_c_requested"": true, ""proof_source"": ""per-kernel TileLang route receipts plus runtime dispatch log""}",ok,f0390c5,6c37b335,d168ca5ca,0.32.0.dev20260514+d168ca5ca,/Volumes/external/sources/nanochat/.venv/bin/python scripts/m04_train_step.py --model-profile local_gb10_quarter --data-path data/parquet_samples/gb10/clang_semantic_4k_v10/val_00000.parquet --data-format parquet --token-key token_ids --steps 20 --batch-size 1 --seq-len 2048 --dtype fp8_path_c --optimizer lion8bit --optimizer-quant-scheme dynamic_int8_v1 --lr 1e-4 --grad-checkpoint --output /Volumes/external/sources/cppmega.mlx/reports/raw/cppmega_1b_path_matrix_cells_20260518_full_path_c_f0390c5_pinned/fp8_lion8bit_path_c_warm.json --json,/Volumes/external/sources/cppmega.mlx/reports/raw/cppmega_1b_path_matrix_cells_20260518_full_path_c_f0390c5_pinned/fp8_lion8bit_path_c_warm.json,0,277.40825695800595
fp8_muon_path_b,fp8,muon,path_b,ok,muon,muon_adamw,MuonAdamW,cppmega_mlx.training.optimizers.MuonAdamWMulti,cppmega_mlx.training.optimizers.make_muon,20,8.35104637502809,8.1596962090116,250.78857023112522,8.152855776261084,8.35104637502809,25.50841350108385,12.060717541724443,40.7045969562605,,"{""kernel_counts"": {""metal_kernel_fwd_v1"": 146, ""sparse_mla_fp8_reference_path_b"": 110}, ""op_kernel"": {""m2rnn"": ""metal_kernel_fwd_v1"", ""mamba3_mimo"": ""metal_kernel_fwd_v1"", ""sparse_mla"": ""sparse_mla_fp8_reference_path_b""}, ""path_counts"": {""path_b"": 256}}","{""fp8_path_c_route_status"": ""not_requested"", ""kernel_surface_available"": true, ""path"": ""path_b"", ""path_c_requested"": false, ""proof_source"": ""per-kernel TileLang route receipts plus runtime dispatch log""}",ok,f0390c5,6c37b335,d168ca5ca,0.32.0.dev20260514+d168ca5ca,/Volumes/external/sources/nanochat/.venv/bin/python scripts/m04_train_step.py --model-profile local_gb10_quarter --data-path data/parquet_samples/gb10/clang_semantic_4k_v10/val_00000.parquet --data-format parquet --token-key token_ids --steps 20 --batch-size 1 --seq-len 2048 --dtype fp8_path_b --optimizer muon --optimizer-quant-scheme dynamic_int8_v1 --lr 1e-4 --grad-checkpoint --output /Volumes/external/sources/cppmega.mlx/reports/raw/cppmega_1b_path_matrix_cells_20260518_full_path_c_f0390c5_pinned/fp8_muon_path_b.json --json,/Volumes/external/sources/cppmega.mlx/reports/raw/cppmega_1b_path_matrix_cells_20260518_full_path_c_f0390c5_pinned/fp8_muon_path_b.json,0,222.02918208297342
fp8_muon_path_c_cold,fp8,muon,path_c_cold,ok,muon,muon_adamw,MuonAdamW,cppmega_mlx.training.optimizers.MuonAdamWMulti,cppmega_mlx.training.optimizers.make_muon,20,44.190680083003826,9.162957249995088,214.48107469493007,9.165936530684121,44.190680083003826,57.9742828970775,12.060682702809572,0.0,False,"{""kernel_counts"": {""path_c_tilelang_dsl_fwd_path_b_bwd"": 110, ""path_c_tilelang_dsl_packed_post"": 36, ""tilelang_fp8_prepared_path_c_fwd"": 110}, ""op_kernel"": {""m2rnn"": ""path_c_tilelang_dsl_packed_post"", ""mamba3_mimo"": ""path_c_tilelang_dsl_fwd_path_b_bwd"", ""sparse_mla"": ""tilelang_fp8_prepared_path_c_fwd""}, ""path_counts"": {""path_c"": 256}}","{""fp8_path_c_route_status"": ""m04_path_c_training_route_available"", ""kernel_surface_available"": true, ""path"": ""path_c_cold"", ""path_c_requested"": true, ""proof_source"": ""per-kernel TileLang route receipts plus runtime dispatch log""}",ok,f0390c5,6c37b335,d168ca5ca,0.32.0.dev20260514+d168ca5ca,/Volumes/external/sources/nanochat/.venv/bin/python scripts/m04_train_step.py --model-profile local_gb10_quarter --data-path data/parquet_samples/gb10/clang_semantic_4k_v10/val_00000.parquet --data-format parquet --token-key token_ids --steps 20 --batch-size 1 --seq-len 2048 --dtype fp8_path_c --optimizer muon --optimizer-quant-scheme dynamic_int8_v1 --lr 1e-4 --grad-checkpoint --output /Volumes/external/sources/cppmega.mlx/reports/raw/cppmega_1b_path_matrix_cells_20260518_full_path_c_f0390c5_pinned/fp8_muon_path_c_cold.json --json,/Volumes/external/sources/cppmega.mlx/reports/raw/cppmega_1b_path_matrix_cells_20260518_full_path_c_f0390c5_pinned/fp8_muon_path_c_cold.json,0,278.5403530000185
fp8_muon_path_c_warm,fp8,muon,path_c_warm,ok,muon,muon_adamw,MuonAdamW,cppmega_mlx.training.optimizers.MuonAdamWMulti,cppmega_mlx.training.optimizers.make_muon,20,19.318406624981435,9.273348332993919,214.66632656109786,9.289837298104478,19.318406624981435,57.9742828970775,12.060682702809572,0.0,True,"{""kernel_counts"": {""path_c_tilelang_dsl_fwd_path_b_bwd"": 110, ""path_c_tilelang_dsl_packed_post"": 36, ""tilelang_fp8_prepared_path_c_fwd"": 110}, ""op_kernel"": {""m2rnn"": ""path_c_tilelang_dsl_packed_post"", ""mamba3_mimo"": ""path_c_tilelang_dsl_fwd_path_b_bwd"", ""sparse_mla"": ""tilelang_fp8_prepared_path_c_fwd""}, ""path_counts"": {""path_c"": 256}}","{""fp8_path_c_route_status"": ""m04_path_c_training_route_available"", ""kernel_surface_available"": true, ""path"": ""path_c_warm"", ""path_c_requested"": true, ""proof_source"": ""per-kernel TileLang route receipts plus runtime dispatch log""}",ok,f0390c5,6c37b335,d168ca5ca,0.32.0.dev20260514+d168ca5ca,/Volumes/external/sources/nanochat/.venv/bin/python scripts/m04_train_step.py --model-profile local_gb10_quarter --data-path data/parquet_samples/gb10/clang_semantic_4k_v10/val_00000.parquet --data-format parquet --token-key token_ids --steps 20 --batch-size 1 --seq-len 2048 --dtype fp8_path_c --optimizer muon --optimizer-quant-scheme dynamic_int8_v1 --lr 1e-4 --grad-checkpoint --output /Volumes/external/sources/cppmega.mlx/reports/raw/cppmega_1b_path_matrix_cells_20260518_full_path_c_f0390c5_pinned/fp8_muon_path_c_warm.json --json,/Volumes/external/sources/cppmega.mlx/reports/raw/cppmega_1b_path_matrix_cells_20260518_full_path_c_f0390c5_pinned/fp8_muon_path_c_warm.json,0,255.43820220898488
fp8_muon_adamw_path_b,fp8,muon_adamw,path_b,ok,muon_adamw,muon_adamw,MuonAdamW,cppmega_mlx.training.optimizers.MuonAdamWMulti,cppmega_mlx.training.optimizers.make_muon,20,8.94507354099187,8.452258000004804,238.76992747888372,8.584594818107833,8.94507354099187,25.50841350108385,12.060718374326825,41.101952156983316,,"{""kernel_counts"": {""metal_kernel_fwd_v1"": 146, ""sparse_mla_fp8_reference_path_b"": 110}, ""op_kernel"": {""m2rnn"": ""metal_kernel_fwd_v1"", ""mamba3_mimo"": ""metal_kernel_fwd_v1"", ""sparse_mla"": ""sparse_mla_fp8_reference_path_b""}, ""path_counts"": {""path_b"": 256}}","{""fp8_path_c_route_status"": ""not_requested"", ""kernel_surface_available"": true, ""path"": ""path_b"", ""path_c_requested"": false, ""proof_source"": ""per-kernel TileLang route receipts plus runtime dispatch log""}",ok,f0390c5,6c37b335,d168ca5ca,0.32.0.dev20260514+d168ca5ca,/Volumes/external/sources/nanochat/.venv/bin/python scripts/m04_train_step.py --model-profile local_gb10_quarter --data-path data/parquet_samples/gb10/clang_semantic_4k_v10/val_00000.parquet --data-format parquet --token-key token_ids --steps 20 --batch-size 1 --seq-len 2048 --dtype fp8_path_b --optimizer muon_adamw --optimizer-quant-scheme dynamic_int8_v1 --lr 1e-4 --grad-checkpoint --output /Volumes/external/sources/cppmega.mlx/reports/raw/cppmega_1b_path_matrix_cells_20260518_full_path_c_f0390c5_pinned/fp8_muon_adamw_path_b.json --json,/Volumes/external/sources/cppmega.mlx/reports/raw/cppmega_1b_path_matrix_cells_20260518_full_path_c_f0390c5_pinned/fp8_muon_adamw_path_b.json,0,233.03298287498183
fp8_muon_adamw_path_c_cold,fp8,muon_adamw,path_c_cold,ok,muon_adamw,muon_adamw,MuonAdamW,cppmega_mlx.training.optimizers.MuonAdamWMulti,cppmega_mlx.training.optimizers.make_muon,20,83.21335795900086,9.240966249984922,210.36512343891886,9.304958289473833,83.21335795900086,57.9742828970775,12.060682702809572,0.0,False,"{""kernel_counts"": {""path_c_tilelang_dsl_fwd_path_b_bwd"": 110, ""path_c_tilelang_dsl_packed_post"": 36, ""tilelang_fp8_prepared_path_c_fwd"": 110}, ""op_kernel"": {""m2rnn"": ""path_c_tilelang_dsl_packed_post"", ""mamba3_mimo"": ""path_c_tilelang_dsl_fwd_path_b_bwd"", ""sparse_mla"": ""tilelang_fp8_prepared_path_c_fwd""}, ""path_counts"": {""path_c"": 256}}","{""fp8_path_c_route_status"": ""m04_path_c_training_route_available"", ""kernel_surface_available"": true, ""path"": ""path_c_cold"", ""path_c_requested"": true, ""proof_source"": ""per-kernel TileLang route receipts plus runtime dispatch log""}",ok,f0390c5,6c37b335,d168ca5ca,0.32.0.dev20260514+d168ca5ca,/Volumes/external/sources/nanochat/.venv/bin/python scripts/m04_train_step.py --model-profile local_gb10_quarter --data-path data/parquet_samples/gb10/clang_semantic_4k_v10/val_00000.parquet --data-format parquet --token-key token_ids --steps 20 --batch-size 1 --seq-len 2048 --dtype fp8_path_c --optimizer muon_adamw --optimizer-quant-scheme dynamic_int8_v1 --lr 1e-4 --grad-checkpoint --output /Volumes/external/sources/cppmega.mlx/reports/raw/cppmega_1b_path_matrix_cells_20260518_full_path_c_f0390c5_pinned/fp8_muon_adamw_path_c_cold.json --json,/Volumes/external/sources/cppmega.mlx/reports/raw/cppmega_1b_path_matrix_cells_20260518_full_path_c_f0390c5_pinned/fp8_muon_adamw_path_c_cold.json,0,342.0194398750027
fp8_muon_adamw_path_c_warm,fp8,muon_adamw,path_c_warm,ok,muon_adamw,muon_adamw,MuonAdamW,cppmega_mlx.training.optimizers.MuonAdamWMulti,cppmega_mlx.training.optimizers.make_muon,20,28.225647749990458,10.30279979101033,195.33085996685523,10.169396664578112,28.225647749990458,57.9742828970775,12.060682702809572,0.0,True,"{""kernel_counts"": {""path_c_tilelang_dsl_fwd_path_b_bwd"": 110, ""path_c_tilelang_dsl_packed_post"": 36, ""tilelang_fp8_prepared_path_c_fwd"": 110}, ""op_kernel"": {""m2rnn"": ""path_c_tilelang_dsl_packed_post"", ""mamba3_mimo"": ""path_c_tilelang_dsl_fwd_path_b_bwd"", ""sparse_mla"": ""tilelang_fp8_prepared_path_c_fwd""}, ""path_counts"": {""path_c"": 256}}","{""fp8_path_c_route_status"": ""m04_path_c_training_route_available"", ""kernel_surface_available"": true, ""path"": ""path_c_warm"", ""path_c_requested"": true, ""proof_source"": ""per-kernel TileLang route receipts plus runtime dispatch log""}",ok,f0390c5,6c37b335,d168ca5ca,0.32.0.dev20260514+d168ca5ca,/Volumes/external/sources/nanochat/.venv/bin/python scripts/m04_train_step.py --model-profile local_gb10_quarter --data-path data/parquet_samples/gb10/clang_semantic_4k_v10/val_00000.parquet --data-format parquet --token-key token_ids --steps 20 --batch-size 1 --seq-len 2048 --dtype fp8_path_c --optimizer muon_adamw --optimizer-quant-scheme dynamic_int8_v1 --lr 1e-4 --grad-checkpoint --output /Volumes/external/sources/cppmega.mlx/reports/raw/cppmega_1b_path_matrix_cells_20260518_full_path_c_f0390c5_pinned/fp8_muon_adamw_path_c_warm.json --json,/Volumes/external/sources/cppmega.mlx/reports/raw/cppmega_1b_path_matrix_cells_20260518_full_path_c_f0390c5_pinned/fp8_muon_adamw_path_c_warm.json,0,296.14569966701674
fp8_muon_int8_path_b,fp8,muon_int8,path_b,ok,int8,int8,MuonAdamWInt8,cppmega_mlx.training.optimizers.MuonAdamWMulti,cppmega_mlx.training.optimizers.make_muon(int8_state),20,16.423194625007454,23.752350790979108,88.92919607779595,23.780405081107013,16.423194625007454,22.28443406522274,5.616979232057929,62.08959400188178,,"{""kernel_counts"": {""metal_kernel_fwd_v1"": 146, ""sparse_mla_fp8_reference_path_b"": 110}, ""op_kernel"": {""m2rnn"": ""metal_kernel_fwd_v1"", ""mamba3_mimo"": ""metal_kernel_fwd_v1"", ""sparse_mla"": ""sparse_mla_fp8_reference_path_b""}, ""path_counts"": {""path_b"": 256}}","{""fp8_path_c_route_status"": ""not_requested"", ""kernel_surface_available"": true, ""path"": ""path_b"", ""path_c_requested"": false, ""proof_source"": ""per-kernel TileLang route receipts plus runtime dispatch log""}",ok,f0390c5,6c37b335,d168ca5ca,0.32.0.dev20260514+d168ca5ca,/Volumes/external/sources/nanochat/.venv/bin/python scripts/m04_train_step.py --model-profile local_gb10_quarter --data-path data/parquet_samples/gb10/clang_semantic_4k_v10/val_00000.parquet --data-format parquet --token-key token_ids --steps 20 --batch-size 1 --seq-len 2048 --dtype fp8_path_b --optimizer int8 --optimizer-quant-scheme dynamic_int8_v1 --lr 1e-4 --grad-checkpoint --output /Volumes/external/sources/cppmega.mlx/reports/raw/cppmega_1b_path_matrix_cells_20260518_full_path_c_f0390c5_pinned/fp8_muon_int8_path_b.json --json,/Volumes/external/sources/cppmega.mlx/reports/raw/cppmega_1b_path_matrix_cells_20260518_full_path_c_f0390c5_pinned/fp8_muon_int8_path_b.json,0,574.8464844169794
fp8_muon_int8_path_c_cold,fp8,muon_int8,path_c_cold,ok,int8,int8,MuonAdamWInt8,cppmega_mlx.training.optimizers.MuonAdamWMulti,cppmega_mlx.training.optimizers.make_muon(int8_state),20,53.22613854199881,18.254455666989088,108.15306117741768,18.309569741315883,53.22613854199881,51.53049852605909,5.6168983317911625,0.0,False,"{""kernel_counts"": {""path_c_tilelang_dsl_fwd_path_b_bwd"": 110, ""path_c_tilelang_dsl_packed_post"": 36, ""tilelang_fp8_prepared_path_c_fwd"": 110}, ""op_kernel"": {""m2rnn"": ""path_c_tilelang_dsl_packed_post"", ""mamba3_mimo"": ""path_c_tilelang_dsl_fwd_path_b_bwd"", ""sparse_mla"": ""tilelang_fp8_prepared_path_c_fwd""}, ""path_counts"": {""path_c"": 256}}","{""fp8_path_c_route_status"": ""m04_path_c_training_route_available"", ""kernel_surface_available"": true, ""path"": ""path_c_cold"", ""path_c_requested"": true, ""proof_source"": ""per-kernel TileLang route receipts plus runtime dispatch log""}",ok,f0390c5,6c37b335,d168ca5ca,0.32.0.dev20260514+d168ca5ca,/Volumes/external/sources/nanochat/.venv/bin/python scripts/m04_train_step.py --model-profile local_gb10_quarter --data-path data/parquet_samples/gb10/clang_semantic_4k_v10/val_00000.parquet --data-format parquet --token-key token_ids --steps 20 --batch-size 1 --seq-len 2048 --dtype fp8_path_c --optimizer int8 --optimizer-quant-scheme dynamic_int8_v1 --lr 1e-4 --grad-checkpoint --output /Volumes/external/sources/cppmega.mlx/reports/raw/cppmega_1b_path_matrix_cells_20260518_full_path_c_f0390c5_pinned/fp8_muon_int8_path_c_cold.json --json,/Volumes/external/sources/cppmega.mlx/reports/raw/cppmega_1b_path_matrix_cells_20260518_full_path_c_f0390c5_pinned/fp8_muon_int8_path_c_cold.json,0,461.04591458299547
fp8_muon_int8_path_c_warm,fp8,muon_int8,path_c_warm,ok,int8,int8,MuonAdamWInt8,cppmega_mlx.training.optimizers.MuonAdamWMulti,cppmega_mlx.training.optimizers.make_muon(int8_state),20,28.060678833018756,18.36919837500318,108.57712936790836,18.554452861792495,28.060678833018756,51.53049852605909,5.6168983317911625,0.0,True,"{""kernel_counts"": {""path_c_tilelang_dsl_fwd_path_b_bwd"": 110, ""path_c_tilelang_dsl_packed_post"": 36, ""tilelang_fp8_prepared_path_c_fwd"": 110}, ""op_kernel"": {""m2rnn"": ""path_c_tilelang_dsl_packed_post"", ""mamba3_mimo"": ""path_c_tilelang_dsl_fwd_path_b_bwd"", ""sparse_mla"": ""tilelang_fp8_prepared_path_c_fwd""}, ""path_counts"": {""path_c"": 256}}","{""fp8_path_c_route_status"": ""m04_path_c_training_route_available"", ""kernel_surface_available"": true, ""path"": ""path_c_warm"", ""path_c_requested"": true, ""proof_source"": ""per-kernel TileLang route receipts plus runtime dispatch log""}",ok,f0390c5,6c37b335,d168ca5ca,0.32.0.dev20260514+d168ca5ca,/Volumes/external/sources/nanochat/.venv/bin/python scripts/m04_train_step.py --model-profile local_gb10_quarter --data-path data/parquet_samples/gb10/clang_semantic_4k_v10/val_00000.parquet --data-format parquet --token-key token_ids --steps 20 --batch-size 1 --seq-len 2048 --dtype fp8_path_c --optimizer int8 --optimizer-quant-scheme dynamic_int8_v1 --lr 1e-4 --grad-checkpoint --output /Volumes/external/sources/cppmega.mlx/reports/raw/cppmega_1b_path_matrix_cells_20260518_full_path_c_f0390c5_pinned/fp8_muon_int8_path_c_warm.json --json,/Volumes/external/sources/cppmega.mlx/reports/raw/cppmega_1b_path_matrix_cells_20260518_full_path_c_f0390c5_pinned/fp8_muon_int8_path_c_warm.json,0,440.8765622919891
